{
  "Germany": {
    "best_parameters": {
      "whc": 840.0,
      "exp_runoff": 8.0,
      "exp_et": 0.2,
      "beta": 0.4,
      "delta": 0.2
    },
    "calibration_performance": {
      "sum_correlation": 2.4775302534208183,
      "sm_corr": 0.8658361197443231,
      "ro_corr": 0.7108678496369233,
      "et_corr": 0.900826284039572,
      "sm_nse": -105.69445227904104,
      "ro_nse": -0.9620575005429277,
      "et_nse": 0.7240043336345527
    },
    "validation_performance": {
      "sum_correlation": 2.5766715520464247,
      "sm_corr": 0.9106820777160529,
      "ro_corr": 0.7628291264376943,
      "et_corr": 0.9031603478926776,
      "sm_nse": -64.09678315508836,
      "ro_nse": -0.2798990777538297,
      "et_nse": 0.7308729129717327,
      "sm_rmse": 437.74233213716485,
      "ro_rmse": 1.4969778245365526,
      "et_rmse": 0.49427329533648645
    }
  },
  "Spain": {
    "best_parameters": {
      "whc": 210.0,
      "exp_runoff": 2.0,
      "exp_et": 0.8,
      "beta": 0.6,
      "delta": 0.8
    },
    "calibration_performance": {
      "sum_correlation": 2.3664976707449803,
      "sm_corr": 0.9240505918890083,
      "ro_corr": 0.585182551023909,
      "et_corr": 0.8572645278320628,
      "sm_nse": -2.1200669976619797,
      "ro_nse": -58.36395604471966,
      "et_nse": 0.3038887009590805
    },
    "validation_performance": {
      "sum_correlation": 2.6158087683424465,
      "sm_corr": 0.9106537512343653,
      "ro_corr": 0.8233155078807555,
      "et_corr": 0.8818395092273257,
      "sm_nse": -2.7589238190861187,
      "ro_nse": -908.2623097716051,
      "et_nse": 0.30003102779737667,
      "sm_rmse": 141.01131279971668,
      "ro_rmse": 0.9038919939938794,
      "et_rmse": 0.4016612485577113
    }
  },
  "Sweden": {
    "best_parameters": {
      "whc": 840.0,
      "exp_runoff": 2.0,
      "exp_et": 0.2,
      "beta": 0.4,
      "delta": 0.2
    },
    "calibration_performance": {
      "sum_correlation": 0.8637095549719966,
      "sm_corr": -0.2756557399552939,
      "ro_corr": 0.26119185883964957,
      "et_corr": 0.878173436087641,
      "sm_nse": -177.9363647618679,
      "ro_nse": -8.630049464068488,
      "et_nse": 0.4780208581022154
    },
    "validation_performance": {
      "sum_correlation": 1.2292232924522593,
      "sm_corr": 0.14026160442277297,
      "ro_corr": 0.20779954089935726,
      "et_corr": 0.8811621471301291,
      "sm_nse": -176.6957378723931,
      "ro_nse": -3.8150174444990785,
      "et_nse": 0.5032105099727135,
      "sm_rmse": 357.18450464050477,
      "ro_rmse": 0.9336766916961168,
      "et_rmse": 0.5433962193962463
    }
  }
}