{
  "Germany": {
    "best_parameters": {
      "whc": 420.0,
      "exp_runoff": 4.0,
      "exp_et": 0.2,
      "beta": 0.6,
      "alpha": 0.3
    },
    "calibration_performance": {
      "sum_correlation": 2.4861164045853745,
      "sm_corr": 0.8543884180916335,
      "ro_corr": 0.734288310389649,
      "et_corr": 0.897439676104092,
      "sm_nse": 0.6110052612046692,
      "ro_nse": -0.34611591249540585,
      "et_nse": 0.5357774356194593
    },
    "validation_performance": {
      "sum_correlation": 2.592552118290319,
      "sm_corr": 0.9037533722084173,
      "ro_corr": 0.7897593718946636,
      "et_corr": 0.8990393741872378,
      "sm_nse": 0.7142773437782373,
      "ro_nse": 0.17577485065615306,
      "et_nse": 0.5182732006630433,
      "sm_rmse": 29.00087643300486,
      "ro_rmse": 1.2012971171287874,
      "et_rmse": 0.6612852645474832
    }
  },
  "Spain": {
    "best_parameters": {
      "whc": 210.0,
      "exp_runoff": 2.0,
      "exp_et": 0.8,
      "beta": 0.6,
      "alpha": 0.4
    },
    "calibration_performance": {
      "sum_correlation": 2.2991952080273266,
      "sm_corr": 0.9240505918890083,
      "ro_corr": 0.5178800883062556,
      "et_corr": 0.8572645278320628,
      "sm_nse": -2.1200669976619797,
      "ro_nse": -29.671516383099007,
      "et_nse": 0.3038887009590805
    },
    "validation_performance": {
      "sum_correlation": 2.522032960671459,
      "sm_corr": 0.9106537512343653,
      "ro_corr": 0.7295397002097678,
      "et_corr": 0.8818395092273257,
      "sm_nse": -2.7589238190861187,
      "ro_nse": -455.4636173653296,
      "et_nse": 0.30003102779737667,
      "sm_rmse": 141.01131279971668,
      "ro_rmse": 0.6404349567193826,
      "et_rmse": 0.4016612485577113
    }
  },
  "Sweden": {
    "best_parameters": {
      "whc": 840.0,
      "exp_runoff": 2.0,
      "exp_et": 0.2,
      "beta": 0.4,
      "alpha": 0.2
    },
    "calibration_performance": {
      "sum_correlation": 0.8637095549719966,
      "sm_corr": -0.2756557399552939,
      "ro_corr": 0.26119185883964957,
      "et_corr": 0.878173436087641,
      "sm_nse": -177.9363647618679,
      "ro_nse": -8.630049464068488,
      "et_nse": 0.4780208581022154
    },
    "validation_performance": {
      "sum_correlation": 1.2292232924522593,
      "sm_corr": 0.14026160442277297,
      "ro_corr": 0.20779954089935726,
      "et_corr": 0.8811621471301291,
      "sm_nse": -176.6957378723931,
      "ro_nse": -3.8150174444990785,
      "et_nse": 0.5032105099727135,
      "sm_rmse": 357.18450464050477,
      "ro_rmse": 0.9336766916961168,
      "et_rmse": 0.5433962193962463
    }
  }
}