Site,whc,exp_runoff,exp_et,beta,alpha,calib_sum_corr,calib_sm_corr,calib_ro_corr,calib_et_corr,valid_sum_corr,valid_sm_corr,valid_ro_corr,valid_et_corr,valid_sm_nse,valid_ro_nse,valid_et_nse
Germany,420.0,4.0,0.2,0.6,0.3,2.4861164045853745,0.8543884180916335,0.734288310389649,0.897439676104092,2.592552118290319,0.9037533722084173,0.7897593718946636,0.8990393741872378,0.7142773437782373,0.17577485065615306,0.5182732006630433
Spain,210.0,2.0,0.8,0.6,0.4,2.2991952080273266,0.9240505918890083,0.5178800883062556,0.8572645278320628,2.522032960671459,0.9106537512343653,0.7295397002097678,0.8818395092273257,-2.7589238190861187,-455.4636173653296,0.30003102779737667
Sweden,840.0,2.0,0.2,0.4,0.2,0.8637095549719966,-0.2756557399552939,0.26119185883964957,0.878173436087641,1.2292232924522593,0.14026160442277297,0.20779954089935726,0.8811621471301291,-176.6957378723931,-3.8150174444990785,0.5032105099727135
