site,old_sum_corr,new_sum_corr,improvement,improvement_pct,old_ro_corr,new_ro_corr,ro_improvement,best_alpha
Germany,2.510633509298703,2.601743346606176,0.09110983730747302,3.628958068552299,0.6965300222499983,0.7879009209974456,0.0913708987474473,0.4
Spain,2.6241333993054683,2.6158087683424465,-0.008324630963021828,-0.31723352803729854,0.8316401388437775,0.8233155078807555,-0.00832463096302205,0.8
Sweden,1.1536425830653867,1.4449722395728,0.29132965650741327,25.25302557169053,0.14192836930364,0.4332580258110532,0.2913296565074132,0.2
